id,created_at,text
1252235263327125506,2020-04-20 13:58:46,"Congratulations to all of my many friends at The Villages in Florida on having done so well, and with such great spirit, during these rather unusual times. So proud of everyone! Mark Morse &amp; Gary Lester have really stepped up to the plate. Hope to see everyone soon."
1252204786059018240,2020-04-20 11:57:40,https://t.co/cU6gIdMgGi
1252046878314770432,2020-04-20 01:30:12,"BRILLIANT, A MUST WATCH! @RepDanCrenshaw https://t.co/W6pGsJQ2ua"
1251967168771735555,2020-04-19 20:13:28,White House News Conference at 5:45. Thank you!
1251958283503624192,2020-04-19 19:38:09,Thank you to my boy! https://t.co/GAFe1AdZpt
1251953233184149504,2020-04-19 19:18:05,"“On February 19th there was a Democratic Debate, in Las Vegas. Three words weren’t said: Virus, CoronaVirus, or COVID19. NEVER came up!” @BretBaier"
1251952575403958280,2020-04-19 19:15:28,Great book by @SenatorTimScott! https://t.co/9o31w3DhJr
1251952315826921480,2020-04-19 19:14:26,".@FoxNews “Dems say President Trump is trying to open the United States Economy too quickly”, but, if I took even a little more time, they would loudly chant that I am moving too slowly. Just political talking points for them. For me it’s about lives &amp;  the future of our Country!"
1251918194639548417,2020-04-19 16:58:51,"Nervous Nancy is an inherently “dumb” person. She wasted all of her time on the Impeachment Hoax. She will be overthrown, either by inside or out, just like her last time as “Speaker”. Wallace &amp; @FoxNews are on a bad path, watch! https://t.co/nkEj5YeRjb"
1251912553602654214,2020-04-19 16:36:26,"Just like I was right on Ventilators (our Country is now the “King of Ventilators”, other countries are calling asking for help-we will!), I am right on testing. Governors must be able to step up and get the job done. We will be with you ALL THE WAY!"
1251869990497763328,2020-04-19 13:47:19,Great credit must be given to @FEMA and all of those that are helping our States make it big! https://t.co/MwWfmZjQIN
1251869194158817281,2020-04-19 13:44:09,Look forward to this! https://t.co/0JkHERaE8M
1251713028246122498,2020-04-19 03:23:36,CONGRATULATIONS @AF_Academy! https://t.co/27HxXLNbd8
1251670585165459456,2020-04-19 00:34:57,"Great new book out by @realKTMcFarland, “Revolution: Trump, Washington, and We the People”. Get your copy today! https://t.co/KBkladnmPQ"
1251657119595626502,2020-04-18 23:41:26,"Will be online tomorrow morning at 10:30am (Eastern) watching @jackngraham from @Prestonwood Baptist in Dallas, Texas. You can join us at https://t.co/Nx4ePPySmn. https://t.co/mheZBjYHrx"
1251589681428520960,2020-04-18 19:13:28,"China wants Sleepy Joe sooo badly. They want all of those billions of dollars that they have been paying to the U.S. back, and much more. Joe is an easy mark, their DREAM CANDIDATE! https://t.co/vmvCr4SkQq"
1251587087696101376,2020-04-18 19:03:09,"I gave up on Drudge (a really nice guy) long ago, as have many others. People are dropping off like flies! https://t.co/L77SXS2mE8"
1251576806534250496,2020-04-18 18:22:18,"The most often used phrase in the Lamestream Media, by far, is “sources say”, or “officials who spoke on the condition of anonymity”, or anything similar which allows Fake News to make up a phony quote from a person who doesn’t even exist. The American people should demand NAMES!"
1251561332790439938,2020-04-18 17:20:49,"....them happy, or even a little bit satisfied. They were RUDE and NASTY. This is their political playbook, and they will use it right up to the election on November 3rd. They will not change because they feel that this is the only way they can win. America will not be fooled!!!"
1251561244106141697,2020-04-18 17:20:28,"....Example! V.P. Mike Pence held a conference call yesterday with all Democrat Senators. He gave them everything that they would have wanted to hear in terms of gaining ground on the CoronaVirus, but nothing that anyone could have said, including “it’s over”, could have made...."
1251561224120254464,2020-04-18 17:20:23,"No matter what you do for the Do Nothing Democrats, no matter how GREAT a job you are doing, they will only respond to their Fake partners in the Lamestream Media in the negative, even in a time of crisis. I thought it would be different, but it’s not. In fact, it’s even worse..."
1251557409061056519,2020-04-18 17:05:13,"Great news, thank you! https://t.co/hp4TCZQW9r"
1251556482379890688,2020-04-18 17:01:32,"Thank you @Honeywell, great job! https://t.co/8MfzxtvDPK"
1251552150024589312,2020-04-18 16:44:19,I will be having a White House Press Conference today at 5:00 P.M. Thank you!
1251550535280472064,2020-04-18 16:37:54,"Really nice to see this and, what a great pick! https://t.co/91104h0sd1"
1251549076786733056,2020-04-18 16:32:07,John James will be a GREAT Senator for Michigan! https://t.co/yGiWzZ9nR0
1251538837328797699,2020-04-18 15:51:25,"Spending the morning speaking to @fema and Military relative to CoronaVirus. Also, spoke to leaders of various countries including Poland, South Korea and Bahrain. Last night had a very gold conversation with the President of Mexico on numerous topics. Border is very strong!"
1251357415045500928,2020-04-18 03:50:31,An incompetent political hack! Come back to Washington &amp; take care of our great American workers. https://t.co/FZ9mH92j0S
1251356731478810624,2020-04-18 03:47:48,This is a disgraceful situation! https://t.co/s2qZSrGw6U
1251355367671508993,2020-04-18 03:42:23,Lamestream Media is only getting worse! https://t.co/cuTRo87tz3
1251354896651223041,2020-04-18 03:40:31,Cut him off now! https://t.co/kdGybEFeOI
1251354295406071814,2020-04-18 03:38:07,Great book. Get it and support Charlie! https://t.co/fG7YXOCk9R
1251353550703247361,2020-04-18 03:35:10,They are Fake News Losers! https://t.co/3RHcBZogms
1251232404100038656,2020-04-17 19:33:46,White House news conference today at 6:00 P.M. Eastern. Thank you!
1251193712580968450,2020-04-17 17:00:01,"Cuomo ridiculously wanted “40 thousand Ventilators”. We gave him a small fraction of that number, and it was plenty. State should have had them in stockpile!"
1251186839983132673,2020-04-17 16:32:43,The States have to step up their TESTING!
1251186179548033025,2020-04-17 16:30:05,"China has just announced a doubling in the number of their deaths from the Invisible Enemy. It is far higher than that and far higher than the U.S., not even close!"
1251185023459483653,2020-04-17 16:25:30,"Biden/Obama were a disaster in handling the H1N1 Swine Flu. Polling at the time showed disastrous approval numbers. 17,000 people died unnecessarily and through incompetence! Also, don’t forget their 5 Billion Dollar Obamacare website that should have cost close to nothing!"
1251181566740619265,2020-04-17 16:11:45,"....testing that you should be doing. We have given New York far more money, help and equipment than any other state, by far, &amp; these great men &amp; women who did the job never hear you say thanks. Your numbers are not good. Less talk and more action!"
1251181563506757632,2020-04-17 16:11:45,"Governor Cuomo should spend more time “doing” and less time “complaining”. Get out there and get the job done. Stop talking! We built you thousands of hospital beds that you didn’t need or use, gave large numbers of Ventilators that you should have had, and helped you with...."
1251169987110330372,2020-04-17 15:25:45,"LIBERATE VIRGINIA, and save your great 2nd Amendment. It is under siege!"
1251169217531056130,2020-04-17 15:22:41,LIBERATE MICHIGAN!
1251168994066944003,2020-04-17 15:21:48,LIBERATE MINNESOTA!
1251146022665048064,2020-04-17 13:50:31,"Today people started losing their jobs because of Crazy Nancy Pelosi, Cryin’ Chuck Schumer, and the Radical Left, Do Nothing Democrats, who should immediately come back to Washington and approve legislation to help families in America. End your ENDLESS VACATION!"
1251138465246449664,2020-04-17 13:20:29,"....in January and February, as the Virus spread globally? Why did the W.H.O. wait as long as it did to take decisive action? Lanhee Chen, Hoover Institution Fellow @FoxNews"
1251138462968922119,2020-04-17 13:20:29,Why did the W.H.O. Ignore an email from Taiwanese health officials in late December alerting them to the possibility that CoronaVirus could be transmitted between humans? Why did the W.H.O. make several claims about the CoronaVirus that ere either inaccurate or misleading....
1250968694773211141,2020-04-17 02:05:53,"THANK GOD FOR TRUCKERS! 
https://t.co/PNLPAkhNUK"
1250928193755926531,2020-04-16 23:24:57,https://t.co/lmb1H6I6en
1250852583318736896,2020-04-16 18:24:30,"Crazy Nancy Pelosi deleted this from her Twitter account. She wanted everyone to pack into Chinatown long after I closed the BORDER TO CHINA. Based on her statement, she is responsible for many deaths. She’s an incompetent, third-rate politician! https://t.co/uWNI7DCG3o"
1250851143363805185,2020-04-16 18:18:46,"Major News Conference tonight, the White House at 6:00 P.M. (Eastern), to explain Guidelines for OPENING UP AMERICA AGAIN!"
1250834265471954945,2020-04-16 17:11:42,Democrats are blocking additional funding for the popular Paycheck Protection Program. They are killing American small businesses. Stop playing politics Dems! Support Refilling PPP NOW – it is out of funds!
1250779261595783168,2020-04-16 13:33:08,"Crazy “Nancy Pelosi, you are a weak person. You are a poor leader. You are the reason America hates career politicians, like yourself.” @seanhannity She is totally incompetent &amp; controlled by the Radical Left, a weak and pathetic puppet. Come back to Washington and do your job!"
1250774109144875008,2020-04-16 13:12:40,".@OANN Poll “Gives President Trump a 52% Approval Rating in North Carolina, and a seven point lead over (Sleepy) Joe Biden. The President also helps other Republican Candidates, including @SenThomTillis, who has a 4% lead over his Democrat rival.”"
1250526689702150153,2020-04-15 20:49:31,White House news conference today at 5:30 P.M. Eastern. Thank you!
1250499831132573699,2020-04-15 19:02:47,"We are having very productive calls with the leaders of every sector of the economy who are all-in on getting America back to work, and soon. More to come! #MAGA"
1250450832937684992,2020-04-15 15:48:05,"My condolences to the Steinbrenner family, and the entire @Yankees Organization, on the passing of Hank Steinbrenner. He was a friend and will be missed greatly by all! https://t.co/nHsO7Wy0oM"
1250448788386439168,2020-04-15 15:39:58,#ThanksForDelivering @UPS! https://t.co/4Sis7Tme17
1250448126835675139,2020-04-15 15:37:20,"Our GREAT Senator from South Carolina, @SenatorTimScott just released a fantastic new book, “OPPORTUNITY KNOCKS: How Hard Work, Community, and Business Can Improve Lives and End Poverty.” Get your copy today! https://t.co/fmSYMijfgm"
1250223610867986432,2020-04-15 00:45:11,“The Art of an Oil Deal” https://t.co/UyH5pYTmYw
1250203462555570176,2020-04-14 23:25:07,https://t.co/KRxBA0OjpX
1250172326920040449,2020-04-14 21:21:24,White House news conference today at 5:45 P.M. Eastern. Thank you!
1250088893766078470,2020-04-14 15:49:52,My Administration is committed to protecting the Homeland from the scourge of narco-terrorists and traffickers seeking to destabilize the United States and our Hemisphere. Our military deployments in the Caribbean &amp; Eastern Pacific will endure until these threats are neutralized! https://t.co/iOKSK1NeNf
1250075668282576898,2020-04-14 14:57:19,"Tell the Democrat Governors that “Mutiny On The Bounty” was one of my all time favorite movies. A good old fashioned mutiny every now and then is an exciting and invigorating thing to watch, especially when the mutineers need so much from the Captain. Too easy!"
1250067500190089217,2020-04-14 14:24:51,"GET RID OF BALLOT HARVESTING, IT IS RAMPANT WITH FRAUD. THE USA MUST HAVE VOTER I.D., THE ONLY WAY TO GET AN HONEST COUNT!"
1250063051182747651,2020-04-14 14:07:11,"Cuomo’s been calling daily, even hourly, begging for everything, most of which should have been the state’s responsibility, such as new hospitals, beds, ventilators, etc. I got it all done for him, and everyone else, and now he seems to want Independence! That won’t happen!"
1250056263746162688,2020-04-14 13:40:12,The Democrats don’t want to approve more money for our great workers under the incredibly successful “Paycheck” plan. Replenish Account Now!
1249888406127153155,2020-04-14 02:33:12,https://t.co/DRVhpMCuAx
1249886901320011786,2020-04-14 02:27:13,https://t.co/ImJ7W5MACi
1249882105406009345,2020-04-14 02:08:10,https://t.co/NOAE5Q6QxH
1249858152578920449,2020-04-14 00:32:59,https://t.co/6fEymjTjUM
1249808119217172489,2020-04-13 21:14:10,"My deepest sympathies go out to Frieda Chera and the family of the late, great, Stanley Chera, one of Manhattan’s most brilliant real estate minds. Stanley was charitable, kind, and a wonderful friend. He will be truly missed!"
1249797383132766215,2020-04-13 20:31:30,"First the Fake News Media said that it’s not fair for the President of the United States to be giving news conferences, but it is the only way I can reach the American People, as seen in the below poll. https://t.co/xP2rqjqtaf"
1249782050871300096,2020-04-13 19:30:35,White House news conference today at 5:00 P.M. Eastern. Thank you!
1249712413219397632,2020-04-13 14:53:52,"....It is the decision of the President, and for many good reasons. With that being said, the Administration and I are working closely with the Governors, and this will continue. A decision by me, in conjunction with the Governors and input from others, will be made shortly!"
1249712404260421633,2020-04-13 14:53:50,"For the purpose of creating conflict and confusion, some in the Fake News Media are saying that it is the Governors decision to open up the states, not that of the President of the United States &amp; the Federal Government. Let it be fully understood that this is incorrect...."
1249691642975727616,2020-04-13 13:31:20,"....disaster, the Energy Industry will be strong again, far faster than currently anticipated. Thank you to all of those who worked with me on getting this very big business back on track, in particular Russia and Saudi Arabia."
1249691637040795654,2020-04-13 13:31:19,"Having been involved in the negotiations, to put it mildly, the number that OPEC+ is looking to cut is 20 Million Barrels a day, not the 10 Million that is generally being reported. If anything near this happens, and the World gets back to business from the Covid 19....."
1249519742093864961,2020-04-13 02:08:16,"The @nytimes story is a Fake, just like the “paper” itself. I was criticized for moving too fast when I issued the China Ban, long before most others wanted to do so. @SecAzar told me nothing until later, and Peter Navarro memo was same as Ban (see his statements). Fake News!"
1249506799532867585,2020-04-13 01:16:50,"I am working hard to expose the corruption and dishonesty in the Lamestream Media. That part is easy, the hard part is WHY?"
1249500443782320129,2020-04-13 00:51:35,Thank you Paris! https://t.co/hDUppWgIXA
1249499469202292741,2020-04-13 00:47:42,Thank you! https://t.co/z8dgzQxkVC
1249497171403120642,2020-04-13 00:38:34,I look forward to it also! https://t.co/IGZLBgJnn2
1249489574184747008,2020-04-13 00:08:23,Great going Natalie! https://t.co/OldfyDdFRO
1249470237726081030,2020-04-12 22:51:33,"Sorry Fake News, it’s all on tape. I banned China long before people spoke up. Thank you @OANN https://t.co/d40JQkUZg5"
1249462754257371137,2020-04-12 22:21:49,Fake News! https://t.co/HzPQgbXgxX
1249453028178001920,2020-04-12 21:43:10,"Governors, get your states testing programs &amp; apparatus perfected. Be ready, big things are happening. No excuses! The Federal Government is there to help. We are testing more than any country in the World. Also, gear up with Face Masks!"
1249450614343507969,2020-04-12 21:33:34,"The Opposition Party (Lamestream Media) and their partner, the Radical Left, Do Nothing Democrats, have put their political game plan in full swing. “Whether he is right or wrong, it doesn’t matter. Criticize ’Trump’ for everything, and don’t let the public see Biden. Hide him.”"
1249437936539631616,2020-04-12 20:43:12,"If the Fake News Opposition Party is pushing, with all their might, the fact that President Trump “ignored early warnings about the threat,” then why did Media &amp; Dems viciously criticize me when I instituted a Travel Ban on China? They said “early &amp; not necessary.” Corrupt Media!"
1249424452477235200,2020-04-12 19:49:37,"Just watched Mike Wallace wannabe, Chris Wallace, on @FoxNews. I am now convinced that he is even worse than Sleepy Eyes Chuck Todd of Meet the Press(please!), or the people over at Deface the Nation. What the hell is happening to @FoxNews. It’s a whole new ballgame over there!"
1249422044564992001,2020-04-12 19:40:03,The big Oil Deal with OPEC Plus is done. This will save hundreds of thousands of energy jobs in the United States. I would like to thank and congratulate President Putin of Russia and King Salman of Saudi Arabia. I just spoke to them from the Oval Office. Great deal for all!
1249418405951799309,2020-04-12 19:25:35,"For the first time in history there is a fully signed Presidential Disaster Declaration for all 50 States. We are winning, and will win, the war on the Invisible Enemy!"
1249372642454515712,2020-04-12 16:23:44,https://t.co/VfrOSwXoqU
1249372545037541376,2020-04-12 16:23:21,https://t.co/ZawRDjsldB
1249372453949898756,2020-04-12 16:22:59,https://t.co/wwjRRx4W0P
1249370410422095872,2020-04-12 16:14:52,"Great businessman &amp; philanthropist Bernie Marcus, Co-Founder of Home Depot, said that Congress was too distracted by the (phony) Impeachment Witch Hunt when they should have been investigating  CoronaVirus when it first appeared in China. Media played a big roll also!@dcexaminer"
1249341983702876161,2020-04-12 14:21:55,HAPPY EASTER!
1249341768157495296,2020-04-12 14:21:03,"A very good sign is that empty hospital beds are becoming more and more prevalent. We deployed 418 Doctors, Nurses and Respiratory Therapists from the hospital ship Comfort and the Javits Convention Center to hospitals in NYC &amp; State. Have more bed capacity than was needed. Good!"
1249307795196952576,2020-04-12 12:06:04,HAPPY EASTER! https://t.co/UX5Bhm82H2
1249144850357903360,2020-04-12 01:18:34,https://t.co/b3fwPSkSCF
1249135225994719232,2020-04-12 00:40:20,Cryin’Chuck doesn’t have a clue. Couldn’t care less about the American Worker! https://t.co/eoXxXdn460
1249132374547464193,2020-04-12 00:29:00,Mail in ballots substantially increases the risk of crime and VOTER FRAUD!
1249123053180723200,2020-04-11 23:51:58,Will be interviewed by @JudgeJeanine tonight at 9:00 P.M. Eastern on @FoxNews! https://t.co/F83yVaxXab
1249118778404765696,2020-04-11 23:34:58,"So now the Fake News @nytimes is tracing the CoronaVirus origins back to Europe, NOT China. This is a first! I wonder what the Failing New York Times got for this one? Are there any NAMED sources? They were recently thrown out of China like dogs, and obviously want back in. Sad!"
1249117097365508097,2020-04-11 23:28:18,"Governor @GavinNewsom of California has been very nice &amp;  highly supportive about the great job we have done, working together, for California. That is the good news, but this is the bad. He is unfairly under attack by the Radical Left Dems, MSDNC etc. He is strong! Will he fold?"
1249104562935431168,2020-04-11 22:38:29,I will be watching. HAVE A GREAT EASTER! https://t.co/wCa7u6qSnl
1249103831994118146,2020-04-11 22:35:35,"The Wall Street Journal Editorial Board doesn’t have a clue on how to fight and win. Their views on Tariffs &amp; Trade are losers for the U.S., but winners for other countries, including China. If we followed their standards,  we’d have no Country left. They should love Sleepy Joe!"
1249093268920467457,2020-04-11 21:53:36,"Watching @FoxNews on weekend afternoons is a total waste of time. We now have some great alternatives, like @OANN."
1249092100236460033,2020-04-11 21:48:58,"“The President and the Federal Government are doing an excellent job. When they say the death toll isn’t going to be as high as reported, they (the opposition) act like they’re sad because it’s lower. I think they are (Press Conferences) wonderful.” West Virginia Resident, C Span"
1249089038499426304,2020-04-11 21:36:48,Great editorial by @SenRonJohnson! https://t.co/hGmcwI4OSe
1249081971604631554,2020-04-11 21:08:43,"Wishing all a safe and blessed Easter Sunday. I will be tuning into Pastor @robertjeffress at https://t.co/roBC6bOARn Church in Dallas, Texas tomorrow morning at 10:20 AM Eastern. https://t.co/wCa7u6qSnl"
1249048063618043906,2020-04-11 18:53:59,WE WILL BUILD IT AGAIN!
1249046469618864131,2020-04-11 18:47:39,....Does anyone ever notice how few quotes from an actual person are given nowadays by the Lamestream Media. Very seldom. The unnamed or anonymous sources are almost always FAKE NEWS.
1249045314994081795,2020-04-11 18:43:03,"When the Failing @nytimes or Amazon @washingtonpost writes a story saying “unnamed sources said”, or any such phrase where a person’s  name is not used, don’t believe them. Most of these unnamed sources don’t exist. They are made up to defame &amp; disparage. They have no “source”..."
1249042799162515457,2020-04-11 18:33:04,"....economy was shuttered. This is unprecedented, it is unsettling and challenging but, we will rise to meet the occasion.” MACK MCLARTY, Clinton White House Chief of Staff. @LelandVittert @FoxNews Thank you Mack. We will be bigger, better and stronger than ever before!"
1249042796151017472,2020-04-11 18:33:03,"“I think the situation is unprecedented, and there is no question about that. It’s whiplash! The economy was moving forward at a rapid pace in terms of growth, jobs and even wage increases, and all of a sudden the pandemic hit and the...."
1249004689322053633,2020-04-11 16:01:37,"“Trump did a deal with Japan. A lot of our product goes to Japan, and we are booming in North Dakota.” Jim on C Span, Washington Journal. Our Trade Deals will be having a big impact on our Country as they kick in!"
1248653185969016833,2020-04-10 16:44:53,https://t.co/HGD0GHUOjt
1248637403893583872,2020-04-10 15:42:10,"Nobody wants to say that if Elizabeth Warren gets out of the race before Super Tuesday, Crazy Bernie Sanders wins virtually every state in a blowout...NOT EVEN CLOSE!  I haven’t heard one member of the Fake News Establishment even mention this irrefutable fact. FAKE NEWS!"
1248630671754563585,2020-04-10 15:15:25,The Invisible Enemy will soon be in full retreat!
1248620923248205824,2020-04-10 14:36:41,"Because the T.V. Ratings for the White House News Conference’s are the highest, the Opposition Party (Lamestream Media), the Radical Left, Do Nothing Democrats &amp;, of course, the few remaining RINO’S, are doing everything in their power to disparage &amp; end them. The People’s Voice!"
1248620586663702530,2020-04-10 14:35:20,"The White House Press Conference will take place today at 1:00 P.M., recognizing that it is Good Friday!"
1248619884688199682,2020-04-10 14:32:33,HAPPY GOOD FRIDAY TO ALL!
1248615335139262470,2020-04-10 14:14:28,"Wow, Approval Rating in the Republican Party - 96%. Thank you!"
1248590616151367686,2020-04-10 12:36:15,"Not good Gregg, but it is what it is. Have to save the airlines! https://t.co/AeaiLCO9pg"
1248578583225872385,2020-04-10 11:48:26,"Congress must go back to DEDUCTIBILITY by businesses if Restaurants, Clubs &amp; Entertaiment is expected to flourish (like never before)!"
1248574557616779264,2020-04-10 11:32:26,"Democrats are blocking a 251 Billion Dollar funding boost for Small Businesses which will help them keep their employees. It should be for only that reason, with no additions. We should have a big Infrastructure Phase Four with Payroll Tax Cuts &amp; more. Big Economic Bounceback!"
1248574029289619458,2020-04-10 11:30:20,"This week, in only 4 days, we had the biggest Stock Market increase since 1974. We have a great chance for the really big bounce when the Invisible Enemy is gone!"
1248475288171761671,2020-04-10 04:57:58,Tim Scott is Great! https://t.co/O1Aivbc2yG
1248474879227097094,2020-04-10 04:56:21,Thank you Frank. It’s ABC Fake News. They knew they were wrong when they went with this Hoax of a story! https://t.co/FHkRaW3BTi
1248472226711531529,2020-04-10 04:45:48,Thank you Erin! https://t.co/m8HRlK6VCY
1248410991437611010,2020-04-10 00:42:29,"....We will always be there for our Great Farmers, Cattlemen, Ranchers, and Producers!"
1248410989306859520,2020-04-10 00:42:28,"I have directed @SecretarySonny to expedite help to our farmers, especially to the smaller farmers who are hurting right now. I expect Secretary Purdue to use all of the funds and authorities at his disposal to make sure that our food supply is stable, strong, and safe...."
1248333612212195328,2020-04-09 19:35:00,"The Wall Street Journal always “forgets” to mention that the ratings for the White House Press Briefings are “through the roof” (Monday Night Football, Bachelor Finale, according to @nytimes) &amp; is only way for me to escape the Fake News &amp; get my views across. WSJ is Fake News!"
1248319601647247361,2020-04-09 18:39:20,Great News: Prime Minister Boris Johnson has just been moved out of Intensive Care. Get well Boris!!!
1248277475928530946,2020-04-09 15:51:56,"On National Former Prisoner of War Recognition Day, we honor the more than 500,000 American warriors captured while protecting our way of life. We pay tribute to these Patriots for their unwavering and unrelenting spirit! https://t.co/KOI7Qd1pZx"
1248266439582244866,2020-04-09 15:08:05,.@OANN  A key CoronaVirus Model is now predicting far fewer deaths than the number shown in earlier models. That’s because the American people are doing a great job. Social Distancing etc. Keep going!
1248031484532928514,2020-04-08 23:34:27,"Absentee Ballots are a great way to vote for the many senior citizens, military, and others who can’t get to the polls on Election Day. These ballots are very different from 100% Mail-In Voting, which is “RIPE for FRAUD,” and shouldn’t be allowed!"
1248026598860881921,2020-04-08 23:15:03,"This morning, 450,000 protective suits landed in Dallas, Texas. This was made possible because of the partnership of two great American companies—DuPont and FedEx—and our friends in Vietnam. Thank you! @DuPont_News @FedEx https://t.co/8yhG6tYnQW"
1248020003615457281,2020-04-08 22:48:50,https://t.co/DKY3UPeyak
1247990240536678402,2020-04-08 20:50:34,"Wishing a HAPPY PASSOVER to those celebrating in the United States, Israel, and around the world! https://t.co/83odnD9yvh"
1247986878307078150,2020-04-08 20:37:12,White House news conference at 5:30 P.M. Eastern. Thank you!
1247950299408498693,2020-04-08 18:11:51,"Extraordinary times require even closer cooperation between friends. Thank you India and the Indian people for the decision on HCQ. Will not be forgotten! Thank you Prime Minister @NarendraModi for your strong leadership in helping not just India, but humanity, in this fight!"
1247920239045681159,2020-04-08 16:12:24,Can’t see AOC plus 3 supporting Sleepy Joe!
1247919539809128451,2020-04-08 16:09:38,"Wow, Bernie is unwilling to give up his delegates, and wants more of them! What’s that all about?"
1247914464319504385,2020-04-08 15:49:28,"Bernie Sanders is OUT! Thank you to Elizabeth Warren. If not for her, Bernie would have won almost every state on Super Tuesday! This ended just like the Democrats &amp; the DNC wanted, same as the Crooked Hillary fiasco. The Bernie people should come to the Republican Party, TRADE!"
1247908643527409665,2020-04-08 15:26:20,FLATTENING OF THE CURVE!
1247900240155295745,2020-04-08 14:52:56,"Once we OPEN UP OUR GREAT COUNTRY, and it will be sooner rather than later, the horror of the Invisible Enemy, except for those that sadly lost a family member or friend, must be quickly forgotten. Our Economy will BOOM, perhaps like never before!!!"
1247897591611682818,2020-04-08 14:42:25,"...the Fake News Media into not covering them, but that effort failed because the ratings are through the roof according to, of all sources, the Failing New York Times, “Monday Night Football, Bachelor Finale” type numbers (&amp; sadly, they get it $FREE). Trump Derangement Syndrome!"
1247897589996908545,2020-04-08 14:42:24,"The Radical Left Democrats have gone absolutely crazy that I am doing daily Presidential News Conferences. They actually want me to STOP! They used to complain that I am not doing enough of them, now they complain that I “shouldn’t be allowed to do them.” They tried to shame....."
1247868300647968771,2020-04-08 12:46:01,Will be immediately sending 100 Ventilators to Colorado at the request of Senator Gardner! https://t.co/Nj4EPxfZl6
1247861952736526336,2020-04-08 12:20:48,"Republicans should fight very hard when it comes to state wide mail-in voting. Democrats are clamoring for it. Tremendous potential for voter fraud, and for whatever reason,  doesn’t work out well for Republicans. @foxandfriends"
1247858593740832772,2020-04-08 12:07:27,“The number of New Yorkers admitted to hospitals has dropped.” @ainsleyearhardt @foxandfriends  Good news!
1247656321115185154,2020-04-07 22:43:41,https://t.co/nyajxA52Fs
1247656256741019654,2020-04-07 22:43:26,https://t.co/fiorkR8wtn
1247637743011639297,2020-04-07 21:29:52,https://t.co/2VsBBtXpfg
1247631178959663104,2020-04-07 21:03:47,White House news conference at 5:30 P.M. Eastern. Thank you!
1247624946005803008,2020-04-07 20:39:01,https://t.co/GIzwKSbuuS
1247615892894220292,2020-04-07 20:03:03,"Just had a conf call w/ major lenders discussing our Great Small Businesses &amp; the #PPPloan. I ask every company, big &amp; small, making announcements about innovative contributions, hiring new workers, or looking to overcome setbacks to share your stories with #AmericaWorksTogether! https://t.co/zfEy14aJ86"
1247546362473975809,2020-04-07 15:26:45,"Wisconsin, get out and vote NOW for Justice Daniel Kelly. Protect your 2nd Amendment!"
1247545358705664002,2020-04-07 15:22:46,"Why didn’t the I.G., who spent 8 years with the Obama Administration (Did she Report on the failed H1N1 Swine Flu debacle where 17,000 people died?), want to talk to the Admirals, Generals, V.P. &amp; others in charge, before doing her report. Another Fake Dossier!"
1247540701291638787,2020-04-07 15:04:16,"The W.H.O. really blew it. For some reason, funded largely by the United States, yet very China centric. We will be giving that a good look. Fortunately I rejected their advice on keeping our borders open to China early on. Why did they give us such a faulty recommendation?"
1247382518376140800,2020-04-07 04:35:42,"Vote today, Tuesday, for highly respected Republican, Justice Daniel Kelly. Tough on Crime, loves your Military, Vets, Farmers, &amp; will save your 2nd Amendment. A BIG VOTE! https://t.co/1FPYjzZCoH"
1247368253367861249,2020-04-07 03:39:01,Great job being done by Dr. Nicole Saphier on @FoxNews!
1247366539365486592,2020-04-07 03:32:12,https://t.co/oUFOV2HQLo
1247315888715563015,2020-04-07 00:10:56,https://t.co/JIkrIczC8o
1247315718217052164,2020-04-07 00:10:15,https://t.co/e3wBhSwDx7
1247315619206266881,2020-04-07 00:09:52,"The Wisconsin Supreme Court ruled that tomorrow’s election will proceed as scheduled. VOTE for Justice Daniel Kelly tomorrow, and be safe! https://t.co/rYkcxaae1k"
1247274306213724160,2020-04-06 21:25:42,White House news conference at 5:45 P.M. Eastern. Thank you!
1247268841845141504,2020-04-06 21:03:59,Congratulations to State Representative Karen Whitsett of Michigan. So glad you are getting better! https://t.co/v6z46rUDtg
1247230728045236225,2020-04-06 18:32:32,https://t.co/GIzwKSbuuS
1247185910673952776,2020-04-06 15:34:27,"Joe Biden wanted the date for the Democrat National Convention moved to a later time period. Now he wants a “Virtual” Convention, one where he doesn’t have to show up. Gee, I wonder why? Also, what ever happened to that phone call he told the Fake News he wanted to make to me?"
1247149300175589377,2020-04-06 13:08:58,"Advertising in the Failing New York Times is WAY down. Washington Post is not much better. I can’t say whether this is because they are Fake News sources of information, to a level that few can understand, or the Virus is just plain beating them up. Fake News is bad for America!"
1247130744260083712,2020-04-06 11:55:14,LIGHT AT THE END OF THE TUNNEL!
1247130573010845708,2020-04-06 11:54:33,USA STRONG!
1247130183477460992,2020-04-06 11:53:00,"Thank you Gayle. I only wish the public could fully understand how corrupt &amp; dishonest so much of our Lamestream Media is. My Press Conferences are vital. They are reaching millions of people that are not being told the truth, &amp; haven’t been for years (Witch-Hunts, Fake News)! https://t.co/DN4DDoHPtu"
1247129414485397504,2020-04-06 11:49:57,"For humanitarian reasons, the passengers from the two CoronaVirus stricken cruise ships have been given medical treatment and, when appropriate, allowed to disembark, under strict supervision. Very carefully done. People we’re dying &amp; no other countries would allow them to dock!"
1247127098797539329,2020-04-06 11:40:45,.@gayletrotter  “To this day the establishment media have not admitted that they were wrong and the President was right.” @FoxNews
1246963819357880320,2020-04-06 00:51:56,https://t.co/j8fKN49P1o
1246963794124865537,2020-04-06 00:51:50,https://t.co/hUVUJb9zSA
1246925577967357953,2020-04-05 22:19:59,White House news conference at 6:45 P.M. Eastern. Thank you!
1246884203419099137,2020-04-05 19:35:34,"We are learning much about the Invisible Enemy. It is tough and smart, but we are tougher and smarter!"
1246837639111729153,2020-04-05 16:30:32,Thank you Gayle! https://t.co/DN4DDoHPtu
1246836636006178816,2020-04-05 16:26:33,I agree! https://t.co/8QO4QquG4A
1246836481915748365,2020-04-05 16:25:57,A very biased “journalist”. https://t.co/4jN4LW63FV
1246835910706171910,2020-04-05 16:23:40,A great &amp; wonderful woman! https://t.co/6ivEcwk12Z
1246835160252809216,2020-04-05 16:20:41,Corrected Fake News! https://t.co/1LISKyeVNg
